{"end_date": "08-11-2021_16:11", "rewards": {"max": [-247.43278199275312, 6714.433955945082, 15793.040251586413, 8448.567926594647, 11010.43298800269, 10247.493000875213, 19739.009525992347, 10049.00299893786, 17880.27371509705, 6554.259466707788, 7633.497692627488, 12558.460057760667, 14492.750010368436, 10521.169496799566, 12138.77474408807, 13068.520001796987, 19661.330583256466, 21370.352068123204, 10498.741111981284, 16466.62387843766, 20764.14474448163, 10728.422523441655, 17993.44591917107, 18965.17700880909, 12412.8733713534, 17705.3668711356, 18986.022301837074, 26726.141700014763, 22297.60127803152, 10231.451904824411, 18281.127534138883, 14475.3189906912, 9923.143564845292, 6542.1477925193385, 3907.381649115791, 8206.61680805268, 8445.576403899131, 17848.063251598367, 19667.128171593155, 17395.510999633494, 13657.616010154266, 21649.821056453566, 15710.333006367833, 19879.650668922794, 15274.278163470948, 21758.319599925773, 21763.847245752928, 9635.853054447882, 10907.979716043681, 19252.967808731, 15815.963075657213, 10673.501940946506, 17486.279870938764, 21052.53908993087, 12410.196354166534, 21372.837386130544, 22105.903763421575, 8402.380600978897, 12875.247795407751, 12102.40378274527, 11169.688012927074, 13410.47275720634, 16381.517267056211, 12708.160817242944, 16229.982057001946, 20590.75216104229, 11707.705262781205, 13538.446349918759, 19920.81666815526, 23616.550163979653, 15646.452717055914, 14420.609586214647, 23860.04044885757, 11518.338633828387, 16978.762740614056, 19928.328090694326, 13436.62417599113, 15488.566059005245, 18030.63377022193, 18291.3703822366, 14617.223608033013, 11247.261964349165, 14503.33334987828, 12425.182092258381, 17508.245165298627, 16756.472664722598, 6583.901671454022], "avg": [-12.371639099637656, 2020.548536646098, 3368.281414332706, 1889.7224698705445, 2502.51454233743, 4170.905277329297, 5296.799693785776, 3869.8276413651547, 4020.7400064821327, 2506.148708743148, 2884.18857772161, 3152.808995187272, 4225.720881032896, 3722.312530203034, 3720.514298540734, 3727.351532946324, 6562.641319137008, 9098.313882772616, 4198.155335255476, 5815.792398425894, 6280.671540960323, 3859.189380174697, 6836.178851647407, 6827.081835813605, 4844.016109362607, 6389.313103327722, 6655.3984332415375, 7616.652774149292, 7399.512842367038, 5457.680910176905, 5186.746952946293, 3506.380897760454, 2185.483689924386, 1133.1880133342286, 731.6933532259866, 1334.6340014979937, 1948.074028049338, 3254.3090167684004, 3758.7373333006835, 3308.1944991715477, 3385.3186246155406, 4467.2203885904655, 4424.050547636711, 3404.7115954010887, 4021.1186523122933, 5072.764484366198, 6123.80556698316, 4039.1345989024057, 4077.164415158512, 6144.1393784635375, 5045.192782793949, 4330.976928111384, 5877.863933271753, 5218.441760213264, 4114.877662669052, 6039.790905996871, 5941.155979375346, 3895.290531325052, 4255.282115008939, 5577.562624798546, 5441.837078872737, 5666.7233356245215, 7318.862273392026, 6459.046686646624, 7110.945762288318, 4136.005533746243, 2671.3885415293107, 6074.61939040152, 7015.913629931842, 7874.269372827117, 9141.003686926082, 6610.941204572354, 8407.376990965202, 5548.953214342453, 8046.637044210055, 7508.796712640231, 6234.624394762326, 8001.645814670139, 8038.272040869719, 8673.184287373346, 8941.205034955277, 5588.000657095628, 7160.472249924026, 6696.744638795311, 7856.988820231918, 3193.7260785501935, 88.00752446703687], "ep": [0, 20, 40, 60, 80, 100, 120, 140, 160, 180, 200, 220, 240, 260, 280, 300, 320, 340, 360, 380, 400, 420, 440, 460, 480, 500, 520, 540, 560, 580, 600, 620, 640, 660, 680, 700, 720, 740, 760, 780, 800, 820, 840, 860, 880, 900, 920, 940, 960, 980, 1000, 1020, 1040, 1060, 1080, 1100, 1120, 1140, 1160, 1180, 1200, 1220, 1240, 1260, 1280, 1300, 1320, 1340, 1360, 1380, 1400, 1420, 1440, 1460, 1480, 1500, 1520, 1540, 1560, 1580, 1600, 1620, 1640, 1660, 1680, 1700, 1720], "min": [-247.43278199275312, -482.64430005933167, -851.1887634301008, -843.5996947183779, -1486.8687773655147, 760.8118652681113, 214.34725274319055, 261.36165591839, 832.8344590693476, -118.78213455321945, 356.9508519451993, 312.9627972465928, 400.1933653210891, -643.3556227395911, -626.9175983795304, -799.4331333637508, 2428.7961420492607, 2793.1570973583066, 1541.7230559908132, 1328.392090630296, 375.2926103795406, 657.3514492741348, 1383.3860357233336, 1894.7697822339585, 1798.6563209981598, 2177.8051305736667, 1882.0770990042101, 2696.2427826677576, 1359.8069765758382, 16.095995916369233, -750.7815862823143, -1049.592065317446, -942.041626114416, -758.1599090387815, -859.2824912296883, -439.73181178862114, -641.2507961348426, -660.1383255845369, -1038.4393755117387, -1702.9280030010532, -76.46317440370547, -314.9115496050017, -179.90772066515484, 210.3537408271939, -1457.4161269976519, 97.52796655113217, 817.1948951339537, 1990.5732619565229, 1958.4099882368303, 900.5719258234806, 695.1036350434717, 127.1594338475455, 317.44301312594234, 1401.6968679394008, -217.7311748069944, 1699.4520306172092, 340.68917793300704, 1299.533158712612, 21.07331380064891, 789.8929045709401, 358.9475748047314, 1399.386820673024, 443.7058345998292, 3247.6357794573737, -1668.6416274242326, -2297.121308240144, -1996.5607297320475, 2527.4404852784714, 2900.1570710704655, 2947.2781630592362, 2467.640126673984, 3542.71562385879, 3126.2167502051534, 1945.5591091957745, 3032.8053980346644, 277.1507823504976, 1411.1926196994546, 3567.7855577384726, 1699.306479061515, 128.27356181312464, 3747.8650238025284, 1217.893455569167, 1147.433806701388, 1390.1596343167027, 1666.568254598207, -2531.259284830734, -1344.600112306956]}, "lr": 0.1, "move_step": 0.58, "limit_upright": 2, "action_size": 3, "start_date": "08-11-2021_10:53", "gamma": 0.95}