{"end_date": "09-11-2021_15:17", "rewards": {"max": [594.8710115120699, 4992.585607436055, 3195.1882278054354, 5514.167505377199, 3973.4194537221583, 6038.592268683493, 4710.186742843855, 4422.029756109648, 3870.4576254108083, 2177.0681253636353, 5452.474654332511, 3778.2050353210493, 6828.009697162428, 2943.034432962823, 5398.396892189741, 5915.811502264045, 4588.388396428938, 2136.65253761322, 4632.565701454491, 3517.1500918803467, 4240.249668658843, 4459.554906985757, 2950.606858337399, 5075.496826456418, 6462.348159987922, 4649.432189857991, 4994.310920351417, 5809.469739606768, 7021.543604037923, 5088.566594161272, 3917.3970995685677, 3221.450802718206, 2052.8084913284647, 3141.793860310694, 4338.376760427123, 2990.6828848733862, 2153.0063120286977, 7065.732378120266, 9323.131390965345, 6838.880199745382, 8405.64400367988, 11265.275295751078, 4132.585193976131, 6120.532264616266, 3359.6641144347295, 3531.3014443030684, 4582.727647420899, 2665.3364642781808, 3801.0699515124807, 3461.7471289080486, 7574.79040286997, 5418.724096142653, 5732.726446920831, 1994.6076365207352, 2387.3819779197547, 6124.7058255151005, 4067.2255686854296, 5906.761349689476, 5086.15961450159, 4291.802888112346, 8197.591401525244, 5005.402594040036, 974.5893781493718, 7297.8559517121785, 3558.150868424038, 7579.685455718509, 7416.49165802523, 5336.250585159496, 5170.399318765674, 3659.4990592301992, 5276.6388286300025, 6625.021583760471, 9638.075912927745, 8984.363047976134, 4419.144988782877, 3131.596108768207, 5268.494093250218, 5881.741103839936, 7301.078502722283, 7591.609091185786, 10007.63009050918, 4054.2118017855073, 5028.942499084141, 4543.91065272834, 25756.574595887058, 1681.9232881780335, 6351.472875464874, 5898.446122890339, 4963.800015363155, 4163.258943610432, 8003.319657404054, 8434.536850121533, 11208.745448874082], "avg": [29.743550575603496, 305.325451221402, 267.755555804499, 698.0676017364692, 214.53386187956932, 535.7014859473853, 391.99508043725535, 820.0398012335172, 494.76124264814206, -193.8575002908657, 851.1148600910503, 590.1719305892783, 1155.518988426401, 146.3745968328532, 914.2788144451422, 762.8808158721845, 705.3148183679581, 20.24686997170566, 552.4765174839175, 368.5370144486834, 486.18563136784326, 439.35373806268836, 544.1091944402236, 742.2357399791823, 337.52012496458957, 308.1475944976605, 614.2591514596986, 1096.9900189106386, 747.4176393039755, 872.9009480343102, 212.04318681548574, 447.8594070379346, 27.858679381211584, 192.2040626541181, 305.783272222165, -258.66412840887205, -73.33786281056814, 1036.064569007828, 1877.0287406836924, 626.3657201732989, 2006.235738600976, 1689.7492574146113, 747.1663371850342, 1196.2810255107179, 204.12704593865226, 227.4251300812066, 804.2715130873329, 618.220101140287, 305.2830348729941, 370.93906834053234, 2270.3589849769405, 1208.608168858963, 1169.946770744124, -73.72250797295837, -0.8706429088555581, 880.3205719497209, 571.2926364268094, 1167.1577846782998, 988.6375408404925, 934.4115680423762, 1197.3835897534373, 766.465069888943, -225.42899355233627, 798.7884847082389, 2.354178422745963, 306.7052066773197, 767.354185546559, 636.6930103907027, 709.1571697444112, 133.3423140926579, 517.7904704801033, 1574.0130968221856, 1640.7878790869509, 1024.7072564328553, 351.9124956229474, 393.7875270855846, 1058.4447715899262, 598.6770894639087, 782.3904476585014, 943.4465834766764, 1891.1315876695164, 420.63360215660185, 877.1348681995435, 658.6548478490269, 1325.548946006864, -30.777632352020408, 1033.1986363592641, 1387.5281128248375, 952.5467185498441, 412.4893914374196, 710.5583348280396, 2196.851914933076, 3732.196856851127], "ep": [0, 20, 40, 60, 80, 100, 120, 140, 160, 180, 200, 220, 240, 260, 280, 300, 320, 340, 360, 380, 400, 420, 440, 460, 480, 500, 520, 540, 560, 580, 600, 620, 640, 660, 680, 700, 720, 740, 760, 780, 800, 820, 840, 860, 880, 900, 920, 940, 960, 980, 1000, 1020, 1040, 1060, 1080, 1100, 1120, 1140, 1160, 1180, 1200, 1220, 1240, 1260, 1280, 1300, 1320, 1340, 1360, 1380, 1400, 1420, 1440, 1460, 1480, 1500, 1520, 1540, 1560, 1580, 1600, 1620, 1640, 1660, 1680, 1700, 1720, 1740, 1760, 1780, 1800, 1820, 1840], "min": [594.8710115120699, -1509.7388381813842, -1462.2104456803165, -1047.0738686269276, -1483.4263285181487, -946.3820563580382, -828.9457664684115, -997.8331477626493, -942.2468651563727, -1105.3425829086086, -951.7175666230706, -804.2393719172304, -541.2394600779852, -1715.8071253499654, -1660.3269019537752, -1146.654697692997, -1218.7628769990715, -1416.7824305785352, -1277.4367904208136, -1770.2706723729773, -1416.287632228786, -947.1223916985459, -979.2082317414996, -1157.8657988792606, -748.8474424162956, -1411.8121447278183, -978.8324347698026, -580.3305317036006, -685.5844700561022, -1264.155530129362, -1393.8386586212514, -730.6897870929142, -1050.888264013949, -1828.6460867605913, -804.6598386609805, -1610.4221410571934, -1559.8052801722033, -556.75161971072, -612.9617178774785, -1105.3173145912995, -521.3273152309873, -1227.2639927501298, -1392.5292882263948, -1000.9829950245733, -913.8376976427531, -1107.761168853462, -1395.282410613442, -1061.3857892174078, -991.2233156276361, -1316.1288913980666, -819.4943107041165, -1181.6399191922653, -785.1216344412484, -1767.8996336490222, -1368.2000131982118, -1075.4781219453255, -866.0842990125064, -139.71860624491785, -935.9006591001983, -646.3127522983749, -1057.7597265249876, -692.5717578528831, -1157.3176360549805, -1021.0787465297766, -1566.2384706826415, -1293.106974421582, -1193.81423561594, -1599.1728219074412, -1555.738944580187, -1464.7218148459153, -1132.7448992000905, -1282.725580776383, -1488.6363432652195, -939.6240055503783, -1660.0061535548907, -1125.5336341197842, -896.7012667999699, -1016.1854993694205, -1619.8253928314416, -1016.2236966429844, -1004.6503122918135, -1604.8172783292562, -1105.5942483755841, -912.6959587041008, -1663.174809941589, -1216.376072261751, -870.7245089259826, -830.8421853392241, -1034.297820607722, -1446.5123872531185, -576.4844786080602, -1105.7925421033322, -426.7337955000546]}, "lr": 0.1, "move_step": 0.58, "limit_upright": 1, "action_size": 3, "start_date": "09-11-2021_08:51", "gamma": 0.995}